tanggal,source_id,provider,success,base_weight,health_factor,effective_base_weight,points_collected,target_points,http_status,duration_ms,error_content_type,error_snippet,payload_saved_path,error
12-07-2026,BMKG,BMKG,yes,1.35,1.0,1.35,5,5,200,71,,,,
12-07-2026,CMA,Open-Meteo / CMA GRAPES,yes,0.85,1.0,0.85,5,5,200,1559,,,,
12-07-2026,ECMWF,Open-Meteo / ECMWF,yes,1.2,1.0,1.2,5,5,200,558,,,,
12-07-2026,GFS,Open-Meteo / NOAA GFS,yes,1.0,1.0,1.0,5,5,200,550,,,,
12-07-2026,ICON,Open-Meteo / DWD ICON,yes,1.05,1.0,1.05,5,5,200,533,,,,
12-07-2026,KMA,Open-Meteo / KMA,yes,0.9,1.0,0.9,5,5,200,564,,,,
12-07-2026,METEOFRANCE,Open-Meteo / Meteo-France,yes,1.1,1.0,1.1,5,5,200,551,,,,
12-07-2026,METNO,MET Norway,yes,1.0,1.0,1.0,5,5,200,737,,,,
12-07-2026,UKMO,Open-Meteo / UK Met Office,yes,0.95,1.0,0.95,5,5,200,556,,,,
